X,Y,NAME,ID,SOURCE,QUOTE,PRECISION,CLASS,HERB,TYPE,X,Y,location_id
112.863149,36.116395,长子山谷,95323,神农本草经,生长子山谷及太山、临淄，采无时。,3,middle,长石,TRUE,112.863149,36.116395,148.979544
117.00031,36.64912,齐山山谷,45022,神农本草经,生齐山山谷及琅玡或云山、阳起山，采无时。,4,middle,阳起石,TRUE,117.00031,36.64912,153.64943
118.38945,35.1538,琅玡,hvd_115519,神农本草经,生齐山山谷及琅玡或云山、阳起山，采无时。,2,middle,阳起石,TRUE,118.38945,35.1538,153.54325
117.00031,36.64912,云山,45022,神农本草经,生齐山山谷及琅玡或云山、阳起山，采无时。,1,middle,阳起石,TRUE,117.00031,36.64912,153.64943
116.8743628,36.6115209,阳起山,yangqishan,神农本草经,生齐山山谷及琅玡或云山、阳起山，采无时。,4,middle,阳起石,TRUE,116.8743628,36.6115209,153.4858837
118.37041,36.86401,临淄,85234,神农本草经,生长子山谷及太山、临淄，采无时。,3,middle,长石,TRUE,118.37041,36.86401,155.23442
114.461205,39.0580325,常山山谷,changshan,神农本草经,生常山山谷，又中水县及邯郸。,4,middle,凝水石,TRUE,114.461205,39.0580325,153.5192375
115.94853,38.22616,中水县,87356,神农本草经,生常山山谷，又中水县及邯郸。,3,middle,凝水石,TRUE,115.94853,38.22616,154.17469
107.036067,33.072893,汉中山谷,211672,神农本草经,生汉中山谷及少室，采无时。,2,lower,【兴石】石,TRUE,107.036067,33.072893,140.10896
114.47204,36.59347,邯郸,87010,神农本草经,生常山山谷，又中水县及邯郸。,2,middle,凝水石,TRUE,114.47204,36.59347,151.06551
118.340384,34.636984,牧羊平泽,212614,神农本草经,生牧羊平泽及枋城、或析城，采无时。,4,middle,铁落,TRUE,118.340384,34.636984,152.977368
118.38945,35.1538,琅邪北定山,hvd_115519,神农本草经,生太山山谷齐、庐山，及琅邪北定山石间，二月采。,4,upper,云母,TRUE,118.38945,35.1538,153.54325
114.2266873,35.6444798,枋城,fangcheng,神农本草经,生牧羊平泽及枋城、或析城，采无时。,3,middle,铁落,TRUE,114.2266873,35.6444798,149.8711671
117.00031,36.64912,齐山山谷,45022,神农本草经,生齐山山谷及齐卢山、鲁蒙山，采无时。,4,middle,石膏,TRUE,117.00031,36.64912,153.64943
117.00031,36.64912,齐卢山,45022,神农本草经,生齐山山谷及齐卢山、鲁蒙山，采无时。,4,middle,石膏,TRUE,117.00031,36.64912,153.64943
112.3607073,35.4653663,析城,xicheng,神农本草经,生牧羊平泽及枋城、或析城，采无时。,3,middle,铁落,TRUE,112.3607073,35.4653663,147.8260736
118.0821683,35.4741413,鲁蒙山,mengshan,神农本草经,生齐山山谷及齐卢山、鲁蒙山，采无时。,4,middle,石膏,TRUE,118.0821683,35.4741413,153.5563096
113.02336,33.25974,赭阳山谷,hvd_82783,神农本草经,生赭阳山谷，及太山之阴，或掖北白山，或卷山，采无时。,3,upper,滑石,TRUE,113.02336,33.25974,146.2831
114.37425,36.35904,慈山山阴,87978,神农本草经,生大山川谷及慈山山阴，有铁者则生其阳，采无时。,4,middle,磁石,TRUE,114.37425,36.35904,150.73329
109.01698,32.70456,西城,200069,神农本草经,生西城，采无时。,3,lower,特【兴石】石,TRUE,109.01698,32.70456,141.72154
119.938,37.17543,掖北白山,hvd_85433,神农本草经,生赭阳山谷，及太山之阴，或掖北白山，或卷山，采无时。,4,upper,滑石,TRUE,119.938,37.17543,157.11343
107.036067,33.072893,汉中山谷,211672,神农本草经,生汉中山谷及卢山，采无时。,2,middle,理石,TRUE,107.036067,33.072893,140.10896
117.00031,36.64912,卢山,45022,神农本草经,生汉中山谷及卢山，采无时。,4,middle,理石,TRUE,117.00031,36.64912,153.64943
113.78767,35.03897,卷山,hvd_82523,神农本草经,生赭阳山谷，及太山之阴，或掖北白山，或卷山，采无时。,4,upper,滑石,TRUE,113.78767,35.03897,148.82664
109.01698,32.70456,西城,200069,神农本草经,生西城，采无时。,3,lower,苍石,TRUE,109.01698,32.70456,141.72154
118.344592,36.851221,齐国山谷,210495,神农本草经,生齐国山谷，赤红青色，如鸡冠有泽，染爪甲不渝者良，采无时。,1,lower,代赭,TRUE,118.344592,36.851221,155.195813
118.28753,36.80961,齐区山及海崖,hvd_115689,神农本草经,生齐区山及海崖，采无时。,1,upper,青石脂,TRUE,118.28753,36.80961,155.09714
111.0076,35.0264,河东盐池,yanchi,神农本草经,生河东盐池。,4,lower,卤咸,TRUE,111.0076,35.0264,146.034
119.61617,33.305,射阳,hvd_42737,神农本草经,射阳、及太山之阴，采无时。,3,upper,青石脂,TRUE,119.61617,33.305,152.92117
114.47204,36.59347,邯郸,87010,神农本草经,生邯郸及河东池泽。,3,lower,大盐,TRUE,114.47204,36.59347,151.06551
111.0076,35.0264,河东池泽,yanchi,神农本草经,生邯郸及河东池泽。,4,lower,大盐,TRUE,111.0076,35.0264,146.034
118.88799,36.630444,北海,210521,神农本草经,北海青，南海赤。十月采。,2,lower,戎盐,TRUE,118.88799,36.630444,155.518434
113.46706,34.16249,颖川阳城,hvd_116101,神农本草经,出颖川阳城，采无时。,3,upper,黑石脂,TRUE,113.46706,34.16249,147.62955
118.30271,34.64131,东海,hvd_33402,神农本草经,生东海池泽，及山岛中或池泽中。,2,upper,禹余粮,TRUE,118.30271,34.64131,152.94402
114.47204,36.59347,邯郸山谷,87010,神农本草经,生邯郸山谷，采无时。,4,lower,白垩,TRUE,114.47204,36.59347,151.06551
114.563995,38.140121,中山川谷,212393,神农本草经,生中山川谷。,2,lower,锻石,TRUE,114.563995,38.140121,152.704116
109.14697,34.23927,蓝田山谷,hvd_70749,神农本草经,生蓝田山谷，采无时。,3,upper,玉泉,TRUE,109.14697,34.23927,143.38624
109.14697,34.23927,蓝田,hvd_70749,神农本草经,生蓝田，采无时。,3,upper,玉屑,TRUE,109.14697,34.23927,143.38624
114.516712,36.591012,赵国山谷,212381,神农本草经,生赵国山谷，又梁山及南海，采无时。,2,middle,殷孽,TRUE,114.516712,36.591012,151.107724
110.41963,35.39751,梁山,70312,神农本草经,生赵国山谷，又梁山及南海，采无时。,4,middle,殷孽,TRUE,110.41963,35.39751,145.81714
110.41963,35.39751,梁山山谷,70312,神农本草经,生梁山山谷。,4,middle,孔公孽,TRUE,110.41963,35.39751,145.81714
118.340384,34.636984,东海牧羊山谷,212614,神农本草经,生东海牧羊山谷中，及太山、河西山，矾石液也。,4,middle,石硫黄,TRUE,118.340384,34.636984,152.977368
